<?xml version="1.0" encoding="UTF-8"?>
<instance> 
<presentation name="Instance0" maxConstraintArity="2" format="XCSP 2.0"/>
<domains nbDomains="1">
<domain name="D0" nbValues="8">0..7</domain>
</domains>

<variables nbVariables="20">
<variable name="V0" domain="D0"/>
<variable name="V1" domain="D0"/>
<variable name="V2" domain="D0"/>
<variable name="V3" domain="D0"/>
<variable name="V4" domain="D0"/>
<variable name="V5" domain="D0"/>
<variable name="V6" domain="D0"/>
<variable name="V7" domain="D0"/>
<variable name="V8" domain="D0"/>
<variable name="V9" domain="D0"/>
<variable name="V10" domain="D0"/>
<variable name="V11" domain="D0"/>
<variable name="V12" domain="D0"/>
<variable name="V13" domain="D0"/>
<variable name="V14" domain="D0"/>
<variable name="V15" domain="D0"/>
<variable name="V16" domain="D0"/>
<variable name="V17" domain="D0"/>
<variable name="V18" domain="D0"/>
<variable name="V19" domain="D0"/>
</variables>
<relations nbRelations="100">
<relation name="R0" arity="2" nbTuples="20" semantics="conflicts">0 4|0 1|0 7|2 5|7 5|3 4|4 1|2 3|7 2|7 4|7 3|1 0|0 5|7 0|3 0|5 1|5 6|0 2|4 3|6 2</relation>
<relation name="R1" arity="2" nbTuples="20" semantics="conflicts">7 5|7 4|0 6|2 1|6 1|5 0|3 4|2 7|1 2|4 5|7 2|4 7|4 1|6 2|0 4|0 0|4 0|2 2|6 4|3 2</relation>
<relation name="R2" arity="2" nbTuples="20" semantics="conflicts">6 3|7 2|1 5|0 2|2 6|0 0|4 0|6 5|5 3|6 2|2 2|4 3|5 0|6 4|1 4|0 3|4 2|1 7|4 5|5 4</relation>
<relation name="R3" arity="2" nbTuples="20" semantics="conflicts">0 7|2 6|2 4|5 7|7 1|4 0|4 4|6 2|0 4|1 4|5 5|0 1|1 6|7 4|5 6|1 0|3 6|5 2|5 0|7 0</relation>
<relation name="R4" arity="2" nbTuples="20" semantics="conflicts">3 1|4 7|3 5|0 7|1 7|2 0|0 6|3 0|2 6|1 3|1 1|1 4|2 4|2 2|6 1|5 6|2 3|0 5|4 3|3 4</relation>
<relation name="R5" arity="2" nbTuples="20" semantics="conflicts">2 1|3 7|6 4|1 6|4 1|2 3|4 0|6 7|1 7|5 2|0 1|5 0|7 7|4 2|2 5|3 5|7 1|3 4|1 4|3 3</relation>
<relation name="R6" arity="2" nbTuples="20" semantics="conflicts">4 6|7 5|3 3|5 2|6 1|4 5|5 4|2 3|2 6|3 1|6 0|3 2|2 5|4 4|3 7|1 2|6 2|4 2|4 3|1 6</relation>
<relation name="R7" arity="2" nbTuples="20" semantics="conflicts">0 4|1 4|1 6|0 5|6 7|0 2|5 2|2 3|7 6|5 6|0 0|3 2|6 1|3 1|7 2|4 6|0 7|2 6|4 4|2 1</relation>
<relation name="R8" arity="2" nbTuples="20" semantics="conflicts">6 5|3 5|4 6|0 4|3 6|5 4|7 2|7 5|2 2|1 1|6 6|1 5|6 0|4 0|5 0|7 4|7 3|2 6|6 2|0 6</relation>
<relation name="R9" arity="2" nbTuples="20" semantics="conflicts">7 3|6 0|2 0|2 6|2 5|5 5|7 4|5 2|5 4|5 6|7 1|3 6|4 3|5 1|3 0|7 7|7 0|1 1|4 7|6 1</relation>
<relation name="R10" arity="2" nbTuples="20" semantics="conflicts">1 6|7 2|6 2|2 6|5 4|0 0|3 1|6 5|0 1|2 5|5 0|7 5|5 2|7 4|2 0|5 6|3 3|7 6|2 1|6 3</relation>
<relation name="R11" arity="2" nbTuples="20" semantics="conflicts">6 6|1 2|4 3|5 4|5 0|1 7|3 1|5 2|0 5|0 3|5 5|0 6|6 5|6 2|7 2|3 2|3 7|4 0|7 5|3 5</relation>
<relation name="R12" arity="2" nbTuples="20" semantics="conflicts">1 5|7 0|7 6|0 5|7 1|3 6|3 1|5 2|4 7|7 2|3 7|5 0|4 1|0 1|4 3|5 7|0 2|4 0|6 4|7 7</relation>
<relation name="R13" arity="2" nbTuples="20" semantics="conflicts">5 0|2 4|5 7|2 5|0 5|3 5|2 3|5 1|6 1|2 6|6 2|7 3|2 2|6 4|1 2|3 2|4 4|0 3|0 2|1 5</relation>
<relation name="R14" arity="2" nbTuples="20" semantics="conflicts">0 2|6 2|2 3|0 1|6 5|4 2|6 4|5 5|7 4|7 0|4 3|5 3|6 7|7 2|2 2|7 5|7 6|1 5|3 1|1 6</relation>
<relation name="R15" arity="2" nbTuples="20" semantics="conflicts">4 4|1 3|7 2|3 0|4 7|6 5|2 2|3 4|3 6|0 3|1 6|4 2|3 7|2 3|5 5|4 6|3 5|0 0|0 5|7 6</relation>
<relation name="R16" arity="2" nbTuples="20" semantics="conflicts">5 0|6 5|6 3|1 2|5 1|2 2|6 0|1 4|6 4|5 6|4 2|4 1|0 4|2 0|2 5|3 5|0 3|4 3|0 2|2 6</relation>
<relation name="R17" arity="2" nbTuples="20" semantics="conflicts">7 2|2 3|0 2|3 3|6 5|4 1|2 2|0 0|6 4|5 7|3 5|2 1|5 4|1 6|1 2|2 7|5 3|3 4|7 4|1 1</relation>
<relation name="R18" arity="2" nbTuples="20" semantics="conflicts">1 0|2 6|4 1|5 7|5 5|1 6|5 0|1 3|3 0|3 1|3 6|6 1|7 3|6 2|3 5|6 7|5 4|2 1|7 4|5 6</relation>
<relation name="R19" arity="2" nbTuples="20" semantics="conflicts">7 5|1 1|4 7|4 0|6 3|7 4|5 2|5 4|0 2|4 6|1 0|1 5|1 7|4 1|1 4|5 7|2 1|5 6|7 7|4 2</relation>
<relation name="R20" arity="2" nbTuples="20" semantics="conflicts">5 6|1 3|5 1|3 2|1 1|3 0|1 5|7 7|0 4|4 3|0 7|5 7|7 6|4 7|4 1|3 4|1 0|3 7|5 5|5 4</relation>
<relation name="R21" arity="2" nbTuples="20" semantics="conflicts">2 6|3 4|0 2|4 6|1 5|0 0|5 1|6 2|4 1|4 4|5 4|1 2|5 3|1 3|7 1|0 7|2 7|0 5|1 6|3 3</relation>
<relation name="R22" arity="2" nbTuples="20" semantics="conflicts">4 2|3 1|1 6|7 6|3 6|7 7|2 6|2 0|1 3|0 3|6 5|5 6|6 4|5 1|7 3|5 7|0 7|2 5|3 0|1 5</relation>
<relation name="R23" arity="2" nbTuples="20" semantics="conflicts">4 2|4 6|7 6|6 1|0 5|3 5|2 0|3 7|1 4|3 6|2 1|2 6|7 0|7 1|6 0|5 4|2 4|2 5|3 2|6 4</relation>
<relation name="R24" arity="2" nbTuples="20" semantics="conflicts">6 6|2 3|2 0|3 5|3 0|0 5|4 7|1 5|2 7|7 7|1 0|2 2|7 1|0 4|3 1|0 6|5 1|0 7|2 1|1 6</relation>
<relation name="R25" arity="2" nbTuples="20" semantics="conflicts">5 4|7 5|3 7|3 5|7 6|2 7|2 3|4 3|7 7|0 5|3 1|7 4|3 6|6 5|2 0|6 7|6 3|7 3|5 2|0 4</relation>
<relation name="R26" arity="2" nbTuples="20" semantics="conflicts">3 7|4 5|5 3|5 0|0 7|4 0|5 6|6 4|2 6|1 4|3 3|1 5|3 1|7 0|6 2|6 5|6 7|3 6|0 6|3 2</relation>
<relation name="R27" arity="2" nbTuples="20" semantics="conflicts">1 4|3 6|2 7|2 1|3 1|0 6|0 5|7 0|5 1|4 7|1 1|0 2|2 0|5 4|4 6|6 2|6 1|4 4|5 2|7 4</relation>
<relation name="R28" arity="2" nbTuples="20" semantics="conflicts">2 6|2 1|4 4|3 2|3 0|4 6|7 2|3 4|1 0|7 7|4 3|7 4|2 2|0 6|6 4|1 5|6 3|4 1|0 4|0 2</relation>
<relation name="R29" arity="2" nbTuples="20" semantics="conflicts">6 3|4 2|7 7|3 0|5 7|0 3|3 6|2 2|0 0|2 4|1 4|1 3|5 3|4 6|4 4|4 3|3 1|1 1|6 4|1 0</relation>
<relation name="R30" arity="2" nbTuples="20" semantics="conflicts">3 0|6 2|0 6|3 1|1 0|7 0|1 7|6 1|3 6|0 7|5 7|7 7|1 4|5 2|1 3|2 7|2 3|5 5|6 0|4 1</relation>
<relation name="R31" arity="2" nbTuples="20" semantics="conflicts">4 7|3 4|1 3|2 5|2 2|3 3|2 4|2 1|0 3|3 5|1 1|0 1|4 1|7 0|5 4|6 1|2 0|1 5|4 2|1 7</relation>
<relation name="R32" arity="2" nbTuples="20" semantics="conflicts">5 1|6 5|1 2|4 0|4 2|0 5|2 6|5 2|2 1|7 3|4 7|2 2|7 5|1 4|7 1|7 2|3 2|5 0|5 4|6 4</relation>
<relation name="R33" arity="2" nbTuples="20" semantics="conflicts">0 6|3 4|1 3|7 3|4 7|6 5|5 4|3 1|2 6|4 0|1 0|5 0|1 4|7 5|6 2|2 7|2 1|6 4|4 2|6 3</relation>
<relation name="R34" arity="2" nbTuples="20" semantics="conflicts">0 2|3 2|0 7|0 0|2 0|1 0|0 4|3 4|4 1|6 4|7 6|3 5|5 2|4 3|7 0|2 3|7 7|7 3|5 3|5 0</relation>
<relation name="R35" arity="2" nbTuples="20" semantics="conflicts">0 1|1 0|4 7|6 5|1 4|7 2|7 6|1 7|4 5|0 0|1 5|6 3|6 1|2 0|7 4|3 1|4 2|5 7|3 0|6 2</relation>
<relation name="R36" arity="2" nbTuples="20" semantics="conflicts">1 6|3 3|6 4|1 3|0 5|2 4|7 6|6 3|0 6|5 3|1 0|6 5|5 2|3 1|0 1|2 5|5 6|4 4|7 3|5 1</relation>
<relation name="R37" arity="2" nbTuples="20" semantics="conflicts">7 2|4 3|7 0|2 6|0 4|2 3|4 6|3 3|6 7|3 4|6 0|5 1|5 0|0 1|5 5|3 2|0 5|6 1|0 2|2 0</relation>
<relation name="R38" arity="2" nbTuples="20" semantics="conflicts">7 3|3 6|6 0|5 0|7 7|0 2|6 4|0 4|1 3|7 4|3 5|0 0|6 3|2 1|0 3|4 6|2 0|1 6|7 2|7 5</relation>
<relation name="R39" arity="2" nbTuples="20" semantics="conflicts">4 0|0 5|4 1|3 4|2 4|6 6|2 2|1 0|7 7|4 3|3 3|7 5|2 3|7 3|3 6|0 3|4 6|2 0|5 4|0 6</relation>
<relation name="R40" arity="2" nbTuples="20" semantics="conflicts">3 4|1 3|7 5|4 2|2 2|2 4|7 3|2 0|0 3|6 6|6 4|2 7|0 7|4 1|3 2|6 0|6 2|1 7|4 5|3 5</relation>
<relation name="R41" arity="2" nbTuples="20" semantics="conflicts">3 3|2 3|7 4|2 4|0 6|4 7|5 7|7 6|2 7|2 2|0 4|4 2|4 5|5 3|0 2|0 5|1 1|7 0|6 0|2 0</relation>
<relation name="R42" arity="2" nbTuples="20" semantics="conflicts">0 3|4 6|7 4|2 0|4 7|1 1|1 0|3 4|2 2|7 2|0 4|6 3|4 0|6 5|2 7|2 4|3 7|3 5|7 1|2 1</relation>
<relation name="R43" arity="2" nbTuples="20" semantics="conflicts">1 7|0 2|1 5|7 2|6 2|3 6|2 4|0 1|7 1|7 7|4 0|5 2|2 3|6 0|3 7|3 5|1 0|3 3|7 5|0 7</relation>
<relation name="R44" arity="2" nbTuples="20" semantics="conflicts">1 7|1 5|5 2|0 0|1 4|0 6|7 2|2 3|0 7|4 6|2 1|4 0|5 5|0 1|6 2|4 4|0 3|2 6|4 5|7 7</relation>
<relation name="R45" arity="2" nbTuples="20" semantics="conflicts">7 6|6 6|6 7|1 7|6 0|5 7|2 1|2 0|0 4|6 5|0 3|4 1|0 2|1 4|1 5|3 7|5 6|3 6|2 3|4 4</relation>
<relation name="R46" arity="2" nbTuples="20" semantics="conflicts">1 6|1 3|3 1|7 6|7 4|2 6|3 0|0 3|5 4|5 6|1 7|3 5|0 5|2 2|4 6|7 5|2 1|0 0|2 0|4 1</relation>
<relation name="R47" arity="2" nbTuples="20" semantics="conflicts">3 4|7 5|3 6|6 4|0 2|4 7|5 2|4 1|3 5|0 6|3 1|3 0|1 3|5 5|1 0|4 3|0 7|0 1|6 6|5 6</relation>
<relation name="R48" arity="2" nbTuples="20" semantics="conflicts">4 4|7 2|5 2|7 5|3 2|5 3|0 7|6 4|7 7|7 4|1 2|1 4|6 7|3 4|4 3|6 3|1 5|4 5|4 7|5 5</relation>
<relation name="R49" arity="2" nbTuples="20" semantics="conflicts">4 3|4 1|3 4|2 4|6 3|7 2|3 1|5 3|3 3|2 0|7 7|6 7|4 7|7 0|5 2|2 2|5 7|2 7|6 2|7 5</relation>
<relation name="R50" arity="2" nbTuples="20" semantics="conflicts">3 3|3 4|7 5|7 2|4 0|5 0|6 4|7 3|6 3|5 4|6 1|4 2|0 3|2 7|2 5|4 1|6 2|5 3|0 6|1 2</relation>
<relation name="R51" arity="2" nbTuples="20" semantics="conflicts">7 5|5 5|4 6|6 3|0 5|6 2|2 5|5 1|5 6|1 6|6 1|1 5|0 3|6 0|4 5|2 1|1 2|1 7|4 4|7 4</relation>
<relation name="R52" arity="2" nbTuples="20" semantics="conflicts">4 3|3 4|7 0|2 2|3 7|5 0|1 4|6 3|5 7|3 3|2 0|7 3|1 2|6 1|7 6|0 1|6 7|0 7|5 6|2 1</relation>
<relation name="R53" arity="2" nbTuples="20" semantics="conflicts">2 7|0 4|2 5|4 2|6 5|5 3|4 6|6 2|4 5|2 0|2 1|6 0|0 0|5 6|1 2|7 3|3 2|3 1|3 6|4 4</relation>
<relation name="R54" arity="2" nbTuples="20" semantics="conflicts">7 7|4 3|7 3|3 6|0 4|2 3|2 0|5 5|4 1|1 4|1 7|7 6|5 4|2 2|0 0|0 5|4 0|3 4|1 1|2 7</relation>
<relation name="R55" arity="2" nbTuples="20" semantics="conflicts">1 5|6 0|0 6|1 3|4 5|6 2|0 0|3 1|5 1|0 7|5 0|1 6|5 5|2 2|7 3|4 2|6 7|1 2|7 2|4 3</relation>
<relation name="R56" arity="2" nbTuples="20" semantics="conflicts">7 7|5 4|4 4|2 3|4 6|3 3|1 0|1 1|2 6|6 5|0 2|5 7|6 3|1 2|7 2|6 6|3 5|7 5|5 0|0 3</relation>
<relation name="R57" arity="2" nbTuples="20" semantics="conflicts">4 6|7 5|0 6|3 0|3 7|6 0|6 3|3 4|5 2|6 7|1 1|7 0|4 4|0 0|1 3|0 7|1 6|4 7|3 3|1 5</relation>
<relation name="R58" arity="2" nbTuples="20" semantics="conflicts">2 0|4 7|3 1|5 2|6 0|5 3|3 0|0 1|1 5|5 0|6 5|5 6|3 5|4 2|0 5|3 3|3 7|2 7|6 4|4 3</relation>
<relation name="R59" arity="2" nbTuples="20" semantics="conflicts">4 2|7 1|1 1|5 6|5 4|7 4|2 4|4 0|6 1|6 0|5 3|3 1|2 6|3 3|6 3|6 7|0 5|2 0|2 1|4 1</relation>
<relation name="R60" arity="2" nbTuples="20" semantics="conflicts">3 5|0 4|0 5|3 0|7 7|1 7|6 6|0 6|1 5|2 1|5 4|4 1|7 6|1 6|7 1|4 2|0 1|4 6|0 0|3 4</relation>
<relation name="R61" arity="2" nbTuples="20" semantics="conflicts">5 0|7 5|6 3|3 6|4 1|0 3|3 1|6 5|6 0|6 7|3 3|3 4|4 2|4 4|1 1|4 6|3 0|6 4|1 2|5 2</relation>
<relation name="R62" arity="2" nbTuples="20" semantics="conflicts">4 3|5 1|3 3|1 1|5 6|4 2|7 2|0 3|2 6|1 3|1 6|2 1|5 2|3 2|2 5|5 0|0 5|0 7|1 2|0 2</relation>
<relation name="R63" arity="2" nbTuples="20" semantics="conflicts">4 5|1 3|0 0|6 1|3 5|5 7|0 2|2 1|2 7|3 1|3 6|1 1|5 6|1 6|2 2|4 0|1 4|2 5|6 0|3 3</relation>
<relation name="R64" arity="2" nbTuples="20" semantics="conflicts">0 0|5 3|1 6|0 4|4 4|1 4|4 6|5 2|3 0|1 1|0 6|3 5|2 5|5 7|0 3|3 3|2 6|6 5|2 4|6 4</relation>
<relation name="R65" arity="2" nbTuples="20" semantics="conflicts">5 6|0 0|0 3|0 1|7 2|1 4|3 1|5 3|5 4|7 0|6 4|5 0|4 7|4 0|3 6|7 4|4 1|2 6|5 7|1 2</relation>
<relation name="R66" arity="2" nbTuples="20" semantics="conflicts">1 7|6 1|1 6|5 3|0 2|0 7|2 5|6 0|7 4|2 2|5 4|6 5|3 7|7 3|4 4|2 7|0 0|6 4|1 5|3 1</relation>
<relation name="R67" arity="2" nbTuples="20" semantics="conflicts">5 1|5 0|6 2|4 3|1 5|0 3|0 7|4 2|0 4|3 3|7 0|6 7|4 7|5 5|0 5|7 2|0 0|6 1|6 0|1 4</relation>
<relation name="R68" arity="2" nbTuples="20" semantics="conflicts">3 4|3 0|5 0|2 6|5 6|4 7|4 4|7 4|2 3|3 7|7 5|4 2|7 0|1 7|6 6|5 3|2 2|4 1|6 4|7 2</relation>
<relation name="R69" arity="2" nbTuples="20" semantics="conflicts">6 0|4 4|5 7|6 4|1 5|0 6|1 1|3 6|5 5|5 2|3 2|0 3|1 6|6 1|2 1|2 2|4 1|5 6|6 2|1 3</relation>
<relation name="R70" arity="2" nbTuples="20" semantics="conflicts">7 7|0 7|3 3|5 1|4 3|0 3|2 3|2 0|6 1|4 0|1 3|0 1|2 2|6 5|5 0|1 1|3 2|3 4|6 2|4 1</relation>
<relation name="R71" arity="2" nbTuples="20" semantics="conflicts">7 2|0 2|0 0|3 2|7 3|5 0|4 4|0 6|4 3|5 6|1 6|2 3|2 2|2 4|6 5|3 1|1 0|5 5|0 5|1 3</relation>
<relation name="R72" arity="2" nbTuples="20" semantics="conflicts">0 7|1 1|4 0|0 4|6 7|5 3|5 0|2 0|6 5|6 0|1 0|4 5|5 7|2 6|6 4|2 3|0 2|0 5|5 1|2 5</relation>
<relation name="R73" arity="2" nbTuples="20" semantics="conflicts">3 5|7 2|7 4|0 3|5 3|0 2|7 3|0 0|7 6|4 4|7 5|7 1|5 2|5 0|4 0|2 7|0 1|3 7|1 6|1 0</relation>
<relation name="R74" arity="2" nbTuples="20" semantics="conflicts">7 1|3 6|4 4|7 0|2 6|4 6|1 4|1 0|5 5|0 7|4 7|6 6|0 0|0 2|1 6|1 2|6 2|5 7|7 6|3 4</relation>
<relation name="R75" arity="2" nbTuples="20" semantics="conflicts">7 7|7 1|2 5|4 7|7 4|6 5|2 6|1 0|4 0|2 3|4 2|3 1|1 4|2 7|5 7|6 2|3 2|3 3|1 3|4 6</relation>
<relation name="R76" arity="2" nbTuples="20" semantics="conflicts">3 3|6 0|1 4|0 0|6 3|6 2|4 3|7 0|0 4|7 4|2 1|5 7|2 4|5 0|0 7|0 5|3 4|1 2|5 2|3 0</relation>
<relation name="R77" arity="2" nbTuples="20" semantics="conflicts">3 5|0 1|1 5|5 2|6 0|7 3|7 4|1 1|6 3|1 3|4 7|6 4|1 4|3 3|1 2|3 4|7 0|3 2|1 6|3 0</relation>
<relation name="R78" arity="2" nbTuples="20" semantics="conflicts">1 6|3 5|0 7|7 0|3 4|5 7|1 0|1 7|0 5|0 1|0 0|5 4|4 4|4 3|0 2|7 7|0 3|0 4|7 3|4 6</relation>
<relation name="R79" arity="2" nbTuples="20" semantics="conflicts">4 4|0 3|7 2|3 4|2 4|1 7|6 5|1 5|2 7|1 6|0 6|1 2|3 2|6 3|2 0|0 2|6 2|5 6|3 6|3 5</relation>
<relation name="R80" arity="2" nbTuples="20" semantics="conflicts">1 4|2 0|6 5|2 2|6 6|3 3|5 3|7 5|7 6|6 0|6 7|2 5|0 5|7 2|1 0|4 2|4 0|7 4|3 5|2 3</relation>
<relation name="R81" arity="2" nbTuples="20" semantics="conflicts">6 3|0 3|0 6|4 7|3 5|0 2|6 0|5 6|1 2|5 7|0 5|5 4|4 4|4 0|2 3|6 7|5 5|3 7|4 3|6 1</relation>
<relation name="R82" arity="2" nbTuples="20" semantics="conflicts">5 2|6 4|5 7|6 6|0 6|3 1|4 7|1 5|4 1|7 3|4 3|2 1|3 7|7 7|1 7|0 3|2 3|0 4|1 2|4 2</relation>
<relation name="R83" arity="2" nbTuples="20" semantics="conflicts">4 5|6 6|7 5|0 7|5 7|7 7|0 1|3 4|3 1|6 4|7 2|2 6|2 0|4 3|0 3|2 5|0 0|5 1|7 3|7 0</relation>
<relation name="R84" arity="2" nbTuples="20" semantics="conflicts">0 1|3 5|3 7|4 4|5 0|7 5|4 0|2 2|4 6|3 2|4 1|3 6|0 0|3 1|6 6|4 5|7 6|3 4|3 3|2 4</relation>
<relation name="R85" arity="2" nbTuples="20" semantics="conflicts">6 7|2 6|0 2|2 3|6 3|6 0|7 7|1 0|5 0|5 7|1 3|2 7|7 6|4 6|0 7|2 5|1 5|2 2|3 2|1 2</relation>
<relation name="R86" arity="2" nbTuples="20" semantics="conflicts">3 2|7 0|5 5|1 0|4 6|6 1|5 1|4 2|3 3|2 6|5 4|6 3|0 5|7 2|1 5|7 6|2 5|4 5|3 0|4 1</relation>
<relation name="R87" arity="2" nbTuples="20" semantics="conflicts">6 5|4 2|3 2|4 4|4 5|1 7|3 4|4 3|0 0|4 0|7 2|1 1|6 4|7 0|0 7|4 7|6 3|1 4|0 5|3 1</relation>
<relation name="R88" arity="2" nbTuples="20" semantics="conflicts">2 0|7 0|5 7|0 1|6 5|3 4|1 0|1 3|0 4|0 2|4 7|3 5|3 3|1 4|0 5|4 6|7 5|7 6|0 7|2 5</relation>
<relation name="R89" arity="2" nbTuples="20" semantics="conflicts">4 5|4 0|6 5|2 2|1 1|4 3|7 6|1 6|7 2|2 1|7 7|1 7|1 0|6 4|1 5|2 7|2 4|2 5|7 3|1 4</relation>
<relation name="R90" arity="2" nbTuples="20" semantics="conflicts">4 6|1 7|0 1|1 2|3 2|3 5|1 1|4 4|0 7|2 3|5 6|4 1|6 1|6 7|3 6|6 3|2 1|4 2|0 4|4 5</relation>
<relation name="R91" arity="2" nbTuples="20" semantics="conflicts">4 3|7 6|2 2|3 5|3 0|1 2|0 5|4 2|3 3|4 0|5 4|2 4|1 6|5 0|2 3|0 0|6 7|2 7|2 5|0 6</relation>
<relation name="R92" arity="2" nbTuples="20" semantics="conflicts">6 1|3 4|1 3|4 6|6 4|4 7|7 7|3 3|3 6|3 0|7 5|5 1|6 3|4 4|4 1|0 7|4 3|1 2|6 5|0 4</relation>
<relation name="R93" arity="2" nbTuples="20" semantics="conflicts">4 7|1 6|1 2|3 1|1 7|4 1|6 1|7 6|3 2|2 5|2 1|5 2|6 3|7 5|1 3|0 4|3 6|3 5|6 7|7 7</relation>
<relation name="R94" arity="2" nbTuples="20" semantics="conflicts">5 4|1 2|0 7|6 5|1 6|4 3|6 1|4 7|4 6|5 3|2 3|3 0|3 3|1 1|7 1|7 4|5 7|2 7|1 4|0 2</relation>
<relation name="R95" arity="2" nbTuples="20" semantics="conflicts">4 4|0 4|0 6|4 0|2 6|3 5|4 3|4 7|7 5|7 2|1 7|5 3|5 5|6 4|2 0|1 3|7 6|6 3|6 7|2 2</relation>
<relation name="R96" arity="2" nbTuples="20" semantics="conflicts">1 2|4 3|2 0|4 0|5 2|4 2|3 1|6 1|0 7|3 3|6 0|5 6|1 3|1 7|3 6|1 0|1 5|0 0|7 7|2 4</relation>
<relation name="R97" arity="2" nbTuples="20" semantics="conflicts">6 3|0 5|1 0|6 4|3 4|7 7|1 2|7 6|3 7|3 6|4 1|2 5|7 1|0 7|2 0|5 1|1 5|6 7|6 5|3 3</relation>
<relation name="R98" arity="2" nbTuples="20" semantics="conflicts">7 1|5 6|4 1|4 2|5 7|3 6|2 3|2 7|6 1|0 7|6 3|5 3|6 5|6 0|7 2|5 2|7 0|3 3|0 3|5 1</relation>
<relation name="R99" arity="2" nbTuples="20" semantics="conflicts">2 5|4 4|1 1|1 6|5 2|5 6|2 0|7 3|1 7|6 2|3 3|5 7|6 3|6 1|4 5|0 0|2 2|0 7|0 1|3 2</relation>
</relations>
<constraints nbConstraints="100">
<constraint name="C0" arity="2" scope="V10 V11" reference="R0"></constraint>
<constraint name="C1" arity="2" scope="V5 V18" reference="R1"></constraint>
<constraint name="C2" arity="2" scope="V0 V5" reference="R2"></constraint>
<constraint name="C3" arity="2" scope="V5 V16" reference="R3"></constraint>
<constraint name="C4" arity="2" scope="V6 V8" reference="R4"></constraint>
<constraint name="C5" arity="2" scope="V12 V16" reference="R5"></constraint>
<constraint name="C6" arity="2" scope="V0 V13" reference="R6"></constraint>
<constraint name="C7" arity="2" scope="V4 V8" reference="R7"></constraint>
<constraint name="C8" arity="2" scope="V0 V1" reference="R8"></constraint>
<constraint name="C9" arity="2" scope="V0 V7" reference="R9"></constraint>
<constraint name="C10" arity="2" scope="V12 V18" reference="R10"></constraint>
<constraint name="C11" arity="2" scope="V6 V17" reference="R11"></constraint>
<constraint name="C12" arity="2" scope="V5 V15" reference="R12"></constraint>
<constraint name="C13" arity="2" scope="V9 V14" reference="R13"></constraint>
<constraint name="C14" arity="2" scope="V1 V18" reference="R14"></constraint>
<constraint name="C15" arity="2" scope="V15 V17" reference="R15"></constraint>
<constraint name="C16" arity="2" scope="V2 V12" reference="R16"></constraint>
<constraint name="C17" arity="2" scope="V11 V17" reference="R17"></constraint>
<constraint name="C18" arity="2" scope="V11 V16" reference="R18"></constraint>
<constraint name="C19" arity="2" scope="V6 V16" reference="R19"></constraint>
<constraint name="C20" arity="2" scope="V2 V16" reference="R20"></constraint>
<constraint name="C21" arity="2" scope="V15 V19" reference="R21"></constraint>
<constraint name="C22" arity="2" scope="V4 V5" reference="R22"></constraint>
<constraint name="C23" arity="2" scope="V1 V19" reference="R23"></constraint>
<constraint name="C24" arity="2" scope="V11 V12" reference="R24"></constraint>
<constraint name="C25" arity="2" scope="V4 V13" reference="R25"></constraint>
<constraint name="C26" arity="2" scope="V1 V4" reference="R26"></constraint>
<constraint name="C27" arity="2" scope="V7 V14" reference="R27"></constraint>
<constraint name="C28" arity="2" scope="V5 V19" reference="R28"></constraint>
<constraint name="C29" arity="2" scope="V1 V2" reference="R29"></constraint>
<constraint name="C30" arity="2" scope="V7 V9" reference="R30"></constraint>
<constraint name="C31" arity="2" scope="V3 V5" reference="R31"></constraint>
<constraint name="C32" arity="2" scope="V4 V14" reference="R32"></constraint>
<constraint name="C33" arity="2" scope="V13 V14" reference="R33"></constraint>
<constraint name="C34" arity="2" scope="V9 V15" reference="R34"></constraint>
<constraint name="C35" arity="2" scope="V3 V6" reference="R35"></constraint>
<constraint name="C36" arity="2" scope="V13 V19" reference="R36"></constraint>
<constraint name="C37" arity="2" scope="V9 V19" reference="R37"></constraint>
<constraint name="C38" arity="2" scope="V2 V13" reference="R38"></constraint>
<constraint name="C39" arity="2" scope="V15 V16" reference="R39"></constraint>
<constraint name="C40" arity="2" scope="V1 V16" reference="R40"></constraint>
<constraint name="C41" arity="2" scope="V0 V4" reference="R41"></constraint>
<constraint name="C42" arity="2" scope="V4 V9" reference="R42"></constraint>
<constraint name="C43" arity="2" scope="V18 V19" reference="R43"></constraint>
<constraint name="C44" arity="2" scope="V5 V14" reference="R44"></constraint>
<constraint name="C45" arity="2" scope="V1 V5" reference="R45"></constraint>
<constraint name="C46" arity="2" scope="V0 V12" reference="R46"></constraint>
<constraint name="C47" arity="2" scope="V2 V19" reference="R47"></constraint>
<constraint name="C48" arity="2" scope="V2 V5" reference="R48"></constraint>
<constraint name="C49" arity="2" scope="V1 V12" reference="R49"></constraint>
<constraint name="C50" arity="2" scope="V11 V18" reference="R50"></constraint>
<constraint name="C51" arity="2" scope="V2 V9" reference="R51"></constraint>
<constraint name="C52" arity="2" scope="V13 V17" reference="R52"></constraint>
<constraint name="C53" arity="2" scope="V1 V17" reference="R53"></constraint>
<constraint name="C54" arity="2" scope="V14 V16" reference="R54"></constraint>
<constraint name="C55" arity="2" scope="V2 V15" reference="R55"></constraint>
<constraint name="C56" arity="2" scope="V3 V9" reference="R56"></constraint>
<constraint name="C57" arity="2" scope="V13 V15" reference="R57"></constraint>
<constraint name="C58" arity="2" scope="V7 V13" reference="R58"></constraint>
<constraint name="C59" arity="2" scope="V9 V17" reference="R59"></constraint>
<constraint name="C60" arity="2" scope="V11 V14" reference="R60"></constraint>
<constraint name="C61" arity="2" scope="V10 V16" reference="R61"></constraint>
<constraint name="C62" arity="2" scope="V5 V11" reference="R62"></constraint>
<constraint name="C63" arity="2" scope="V8 V17" reference="R63"></constraint>
<constraint name="C64" arity="2" scope="V5 V17" reference="R64"></constraint>
<constraint name="C65" arity="2" scope="V11 V19" reference="R65"></constraint>
<constraint name="C66" arity="2" scope="V8 V14" reference="R66"></constraint>
<constraint name="C67" arity="2" scope="V14 V19" reference="R67"></constraint>
<constraint name="C68" arity="2" scope="V10 V12" reference="R68"></constraint>
<constraint name="C69" arity="2" scope="V0 V2" reference="R69"></constraint>
<constraint name="C70" arity="2" scope="V4 V7" reference="R70"></constraint>
<constraint name="C71" arity="2" scope="V0 V8" reference="R71"></constraint>
<constraint name="C72" arity="2" scope="V17 V18" reference="R72"></constraint>
<constraint name="C73" arity="2" scope="V0 V14" reference="R73"></constraint>
<constraint name="C74" arity="2" scope="V8 V19" reference="R74"></constraint>
<constraint name="C75" arity="2" scope="V0 V19" reference="R75"></constraint>
<constraint name="C76" arity="2" scope="V3 V17" reference="R76"></constraint>
<constraint name="C77" arity="2" scope="V1 V15" reference="R77"></constraint>
<constraint name="C78" arity="2" scope="V4 V18" reference="R78"></constraint>
<constraint name="C79" arity="2" scope="V2 V18" reference="R79"></constraint>
<constraint name="C80" arity="2" scope="V8 V9" reference="R80"></constraint>
<constraint name="C81" arity="2" scope="V8 V12" reference="R81"></constraint>
<constraint name="C82" arity="2" scope="V12 V15" reference="R82"></constraint>
<constraint name="C83" arity="2" scope="V6 V13" reference="R83"></constraint>
<constraint name="C84" arity="2" scope="V12 V14" reference="R84"></constraint>
<constraint name="C85" arity="2" scope="V16 V18" reference="R85"></constraint>
<constraint name="C86" arity="2" scope="V7 V16" reference="R86"></constraint>
<constraint name="C87" arity="2" scope="V12 V19" reference="R87"></constraint>
<constraint name="C88" arity="2" scope="V16 V19" reference="R88"></constraint>
<constraint name="C89" arity="2" scope="V3 V8" reference="R89"></constraint>
<constraint name="C90" arity="2" scope="V12 V13" reference="R90"></constraint>
<constraint name="C91" arity="2" scope="V1 V3" reference="R91"></constraint>
<constraint name="C92" arity="2" scope="V4 V16" reference="R92"></constraint>
<constraint name="C93" arity="2" scope="V4 V6" reference="R93"></constraint>
<constraint name="C94" arity="2" scope="V2 V8" reference="R94"></constraint>
<constraint name="C95" arity="2" scope="V5 V13" reference="R95"></constraint>
<constraint name="C96" arity="2" scope="V15 V18" reference="R96"></constraint>
<constraint name="C97" arity="2" scope="V6 V12" reference="R97"></constraint>
<constraint name="C98" arity="2" scope="V3 V16" reference="R98"></constraint>
<constraint name="C99" arity="2" scope="V12 V17" reference="R99"></constraint>
</constraints>
</instance>