<?xml version="1.0" encoding="UTF-8"?>

<instance>
<presentation name="3q-intension" maxConstraintArity="2" format="XCSP 2.0"/>

<domains nbDomains="1">
<domain name="D0" nbValues="3">1..3</domain>
</domains>

<variables nbVariables="3">
<variable name="V0" domain="D0"/>
<variable name="V1" domain="D0"/>
<variable name="V2" domain="D0"/>
</variables>

<predicates nbPredicates="1">
<predicate name="P0">
  <parameters>int X0 int X1 int X2 int X3 int X4</parameters>
  <expression> 
    <functional>and(ne(X0,X1),ne(abs(sub(X2,X3)),X4))</functional>
  </expression>
</predicate>
</predicates>

<constraints nbConstraints="3">
<constraint name="C0" arity="2" scope="V0 V1" reference="P0">
  <parameters>V0 V1 V0 V1 1</parameters>
</constraint>
<constraint name="C1" arity="2" scope="V0 V2" reference="P0">
  <parameters>V0 V2 V0 V2 2</parameters>
</constraint>
<constraint name="C3" arity="2" scope="V1 V2" reference="P0">
  <parameters>V1 V2 V1 V2 1</parameters>
</constraint>
</constraints>
</instance>
