<?xml version="1.0" encoding="UTF-8"?>

<instance>
<presentation name="4q-supports" maxConstraintArity="2" format="XCSP 2.0"/>

<domains nbDomains="1">
<domain name="D0" nbValues="4">1..4</domain>
</domains>

<variables nbVariables="4">
<variable name="V0" domain="D0"/>
<variable name="V1" domain="D0"/>
<variable name="V2" domain="D0"/>
<variable name="V3" domain="D0"/>
</variables>


<relations nbRelations="3">
<relation name="R0" arity="2" nbTuples="6" semantics="supports">1 3|1 4|2 4|3 1|4 1|4 2</relation>
<relation name="R1" arity="2" nbTuples="8" semantics="supports">1 2|1 4|2 1|2 3|3 2|3 4|4 1|4 3</relation>
<relation name="R2" arity="2" nbTuples="10" semantics="supports">1 2|1 3|2 1|2 3|2 4|3 1|3 2|3 4|4 2|4 3</relation>
</relations>

<constraints nbConstraints="6">
<constraint name="C0" arity="2" scope="V0 V1" reference="R0">
</constraint>
<constraint name="C1" arity="2" scope="V0 V2" reference="R1">
</constraint>
<constraint name="C2" arity="2" scope="V0 V3" reference="R2">
</constraint>
<constraint name="C3" arity="2" scope="V1 V2" reference="R0">
</constraint>
<constraint name="C4" arity="2" scope="V1 V3" reference="R1">
</constraint>
<constraint name="C5" arity="2" scope="V2 V3" reference="R0">
</constraint>
</constraints>
</instance>
