<instance>
<presentation name="orderchain" maxConstraintArity="2" format="XCSP 2.0"/>

<domains nbDomains="1">
<domain name="D0" nbValues="4">1..4</domain>
</domains>

<variables nbVariables="4">
<variable name="V1" domain="D0"/>
<variable name="V2" domain="D0"/>
<variable name="V3" domain="D0"/>
<variable name="V4" domain="D0"/>
</variables>

<relations nbRelations="1">
<relation name="R0" arity="2" nbTuples="10" semantics="conflicts">1 1|1 2|1 3|1 4|2 2|2 3|2 4|3 3|3 4|4 4</relation>
</relations>

<constraints nbConstraints="3">
<constraint name="C0" arity="2" scope="V1 V2" reference="R0">
</constraint>
<constraint name="C1" arity="2" scope="V2 V3" reference="R0">
</constraint>
<constraint name="C2" arity="2" scope="V3 V4" reference="R0">
</constraint>
</constraints>
</instance>
