<instance>
<presentation name="ColAustralia-conflicts" format="XCSP 2.0"/>
<domains nbDomains="1">
<domain name="D0" nbValues="3">1..3</domain>
</domains>

<variables nbVariables="7">
<variable name="NSW" domain="D0"/>
<variable name="NT" domain="D0"/>
<variable name="Q" domain="D0"/>
<variable name="SA" domain="D0"/>
<variable name="T" domain="D0"/>
<variable name="V" domain="D0"/>
<variable name="WA" domain="D0"/>
</variables>

<relations nbRelations="1">
<relation name="mutex" arity="2" nbTuples="3" semantics="conflicts">1 1|2 2|3 3</relation>
</relations>

<constraints nbConstraints="9">
<constraint name="C0" arity="2" scope="WA NT" reference="mutex">
</constraint>
<constraint name="C1" arity="2" scope="WA SA" reference="mutex">
</constraint>
<constraint name="C2" arity="2" scope="NT SA" reference="mutex">
</constraint>
<constraint name="C3" arity="2" scope="NT Q" reference="mutex">
</constraint>
<constraint name="C4" arity="2" scope="Q NSW" reference="mutex">
</constraint>
<constraint name="C5" arity="2" scope="Q SA" reference="mutex">
</constraint>
<constraint name="C6" arity="2" scope="NSW SA" reference="mutex">
</constraint>
<constraint name="C7" arity="2" scope="NSW V" reference="mutex">
</constraint>
<constraint name="C8" arity="2" scope="SA V" reference="mutex">
</constraint>
</constraints>
</instance>