<instance>
<presentation name="mutexK4" maxConstraintArity="2" format="XCSP 2.0"/>

<domains nbDomains="1">
<domain name="D0" nbValues="2">1..2</domain>
</domains>

<variables nbVariables="4">
<variable name="V1" domain="D0"/>
<variable name="V2" domain="D0"/>
<variable name="V3" domain="D0"/>
<variable name="V4" domain="D0"/>
</variables>

<relations nbRelations="1">
<relation name="mutex" arity="2" nbTuples="2" semantics="conflicts">1 1|2 2</relation>
</relations>

<constraints nbConstraints="4">
<constraint name="C1" arity="2" scope="V1 V2" reference="mutex"></constraint>
<constraint name="C2" arity="2" scope="V2 V3" reference="mutex"></constraint>
<constraint name="C3" arity="2" scope="V3 V4" reference="mutex"></constraint>
<constraint name="C4" arity="2" scope="V4 V1" reference="mutex"></constraint>
</constraints>
</instance>
